N,seed,kproj,w,M,probes,recall,qps,time_per_query
10,42,12,20,2000,100,0.09166666666666667,19.17181,0.05215991604339913
10,42,12,20,2000,250,0.09166666666666667,57.043167,0.01753058346146875
10,42,12,20,2000,500,0.09166666666666667,19.079145,0.052413250174470606
10,42,12,20,5000,100,0.1369047619047619,2.311704,0.43258133394240783
10,42,12,20,5000,250,0.1369047619047619,9.765069,0.10240583041451115
10,42,12,20,5000,500,0.1369047619047619,2.564023,0.3900121020755274
10,42,12,20,10000,100,0.18571428571428572,5.879915,0.17007048571280367
10,42,12,20,10000,250,0.18571428571428572,2.00182,0.4995454136735571
10,42,12,20,10000,500,0.18571428571428572,4.163843,0.24016275349478836
10,42,12,40,2000,100,0.09166666666666667,7.699316,0.12988166741045568
10,42,12,40,2000,250,0.09166666666666667,8.59913,0.1162908340727492
10,42,12,40,2000,500,0.09166666666666667,11.865751,0.08427616591651046
10,42,12,40,5000,100,0.1369047619047619,3.226016,0.3099798637080535
10,42,12,40,5000,250,0.1369047619047619,3.813269,0.26224218642849484
10,42,12,40,5000,500,0.1369047619047619,4.15402,0.24073066571658297
10,42,12,40,10000,100,0.18571428571428572,2.565721,0.38975399117830817
10,42,12,40,10000,250,0.18571428571428572,2.858452,0.3498397034478802
10,42,12,40,10000,500,0.18571428571428572,3.119911,0.3205219636072952
10,42,12,80,2000,100,0.09166666666666667,4.304451,0.23231766373923177
10,42,12,80,2000,250,0.09166666666666667,12.39055,0.08070666758134223
10,42,12,80,2000,500,0.09166666666666667,7.614566,0.13132724832905776
10,42,12,80,5000,100,0.1369047619047619,5.566836,0.17963525420903362
10,42,12,80,5000,250,0.1369047619047619,5.258736,0.19015976462784975
10,42,12,80,5000,500,0.1369047619047619,2.954138,0.3385082213491719
10,42,12,80,10000,100,0.18571428571428572,1.802183,0.5548826062614063
10,42,12,80,10000,250,0.18571428571428572,3.360345,0.2975884916578506
10,42,12,80,10000,500,0.18571428571428572,1.216335,0.8221419263607477
10,42,12,120,2000,100,0.09166666666666667,70.065219,0.014272416675098097
10,42,12,120,2000,250,0.09166666666666667,17.544142,0.05699908265676372
10,42,12,120,2000,500,0.09166666666666667,13.815478,0.07238258422907988
10,42,12,120,5000,100,0.1369047619047619,23.594087,0.04238350057792022
10,42,12,120,5000,250,0.1369047619047619,4.973627,0.20106051378601575
10,42,12,120,5000,500,0.1369047619047619,4.635641,0.2157198972051546
10,42,12,120,10000,100,0.18571428571428572,2.085528,0.47949488091265136
10,42,12,120,10000,250,0.18571428571428572,1.944438,0.5142874187811594
10,42,12,120,10000,500,0.18571428571428572,2.131651,0.469119945056672
10,42,12,300,2000,100,0.09166666666666667,10.396523,0.09618600372451444
10,42,12,300,2000,250,0.09166666666666667,18.918761,0.05285758406694815
10,42,12,300,2000,500,0.09166666666666667,9.127363,0.10956066938501295
10,42,12,300,5000,100,0.1369047619047619,16.316474,0.06128775126292605
10,42,12,300,5000,250,0.1369047619047619,5.94573,0.16818792646151104
10,42,12,300,5000,500,0.1369047619047619,5.06718,0.19734842654099521
10,42,12,300,10000,100,0.18571428571428572,5.826711,0.17162340812853083
10,42,12,300,10000,250,0.18571428571428572,1.976327,0.5059891404610675
10,42,12,300,10000,500,0.18571428571428572,2.825072,0.3539732792650948
10,42,12,500,2000,100,0.09166666666666667,27.277873,0.036659749827268426
10,42,12,500,2000,250,0.09166666666666667,3.894684,0.2567602403686666
10,42,12,500,2000,500,0.09166666666666667,44.988978,0.02222766651867486
10,42,12,500,5000,100,0.1369047619047619,2.67522,0.37380103318605573
10,42,12,500,5000,250,0.1369047619047619,8.196514,0.12200308570204357
10,42,12,500,5000,500,0.1369047619047619,7.59586,0.1316506623344822
10,42,12,500,10000,100,0.18571428571428572,2.29013,0.43665643435088836
10,42,12,500,10000,250,0.18571428571428572,2.000383,0.49990426833261437
10,42,12,500,10000,500,0.18571428571428572,3.053612,0.3274810290239886
10,42,12,1000,2000,100,0.09166666666666667,29.518698,0.03387683291451405
10,42,12,1000,2000,250,0.09166666666666667,3.502011,0.28555021671833697
10,42,12,1000,2000,500,0.09166666666666667,8.052735,0.1241814116570333
10,42,12,1000,5000,100,0.1369047619047619,3.170601,0.3153976170448442
10,42,12,1000,5000,250,0.1369047619047619,13.361511,0.0748418348793037
10,42,12,1000,5000,500,0.1369047619047619,2.600231,0.38458121605349677
10,42,12,1000,10000,100,0.18571428571428572,1.341879,0.7452236751599809
10,42,12,1000,10000,250,0.18571428571428572,1.718115,0.5820332166356734
10,42,12,1000,10000,500,0.18571428571428572,3.450227,0.28983600209493465
10,42,14,20,2000,100,0.09166666666666667,46.702602,0.021412083206841452
10,42,14,20,2000,250,0.09166666666666667,8.060724,0.12405833520661419
10,42,14,20,2000,500,0.09166666666666667,16.438266,0.060833667005996864
10,42,14,20,5000,100,0.1369047619047619,5.772233,0.17324317989242638
10,42,14,20,5000,250,0.1369047619047619,6.278357,0.1592773395969678
10,42,14,20,5000,500,0.1369047619047619,28.20132,0.03545933310923035
10,42,14,20,10000,100,0.18571428571428572,2.203878,0.45374562475781327
10,42,14,20,10000,250,0.18571428571428572,5.183628,0.19291507801099925
10,42,14,20,10000,500,0.18571428571428572,3.081647,0.32450180049824007
10,42,14,40,2000,100,0.09166666666666667,6.907652,0.14476699173612104
10,42,14,40,2000,250,0.09166666666666667,13.448211,0.07435933299975736
10,42,14,40,2000,500,0.09166666666666667,52.675244,0.018984249982781285
10,42,14,40,5000,100,0.1369047619047619,2.56533,0.3898133963271782
10,42,14,40,5000,250,0.1369047619047619,3.533117,0.2830361972162258
10,42,14,40,5000,500,0.1369047619047619,5.008634,0.19965523533961557
10,42,14,40,10000,100,0.18571428571428572,2.473603,0.4042685912007707
10,42,14,40,10000,250,0.18571428571428572,2.651357,0.37716535343976687
10,42,14,40,10000,500,0.18571428571428572,1.170719,0.8541759380346607
10,42,14,80,2000,100,0.09166666666666667,21.355543,0.04682625021522515
10,42,14,80,2000,250,0.09166666666666667,7.210637,0.13868400253680777
10,42,14,80,2000,500,0.09166666666666667,11.716885,0.08534691601052669
10,42,14,80,5000,100,0.1369047619047619,2.317762,0.43145068389247904
10,42,14,80,5000,250,0.1369047619047619,4.264686,0.23448385180057804
10,42,14,80,5000,500,0.1369047619047619,2.339552,0.4274322605353504
10,42,14,80,10000,100,0.18571428571428572,1.861087,0.5373203939418201
10,42,14,80,10000,250,0.18571428571428572,1.997741,0.500565388606431
10,42,14,80,10000,500,0.18571428571428572,1.719714,0.5814920387924969
10,42,14,120,2000,100,0.09166666666666667,10.462905,0.09557575071168094
10,42,14,120,2000,250,0.09166666666666667,43.237946,0.02312783313064871
10,42,14,120,2000,500,0.09166666666666667,51.641334,0.019364333229656694
10,42,14,120,5000,100,0.1369047619047619,8.724386,0.11462124669862153
10,42,14,120,5000,250,0.1369047619047619,3.464164,0.28866993594991464
10,42,14,120,5000,500,0.1369047619047619,4.312907,0.23186217555815603
10,42,14,120,10000,100,0.18571428571428572,3.000026,0.33333044446948124
10,42,14,120,10000,250,0.18571428571428572,2.398123,0.41699278977767196
10,42,14,120,10000,500,0.18571428571428572,2.953247,0.33861034989623284
10,42,14,300,2000,100,0.09166666666666667,9.495639,0.10531150141659766
10,42,14,300,2000,250,0.09166666666666667,4.868982,0.20538174098815729
10,42,14,300,2000,500,0.09166666666666667,11.322816,0.08831725252799304
10,42,14,300,5000,100,0.1369047619047619,5.136122,0.19469942497471826
10,42,14,300,5000,250,0.1369047619047619,3.484701,0.28696866675218335
10,42,14,300,5000,500,0.1369047619047619,5.73988,0.1742196700976327
10,42,14,300,10000,100,0.18571428571428572,1.735505,0.5762011633501488
10,42,14,300,10000,250,0.18571428571428572,2.036181,0.4911154754906366
10,42,14,300,10000,500,0.18571428571428572,3.895296,0.25671990010515244
10,42,14,500,2000,100,0.09166666666666667,86.640097,0.011542000004916892
10,42,14,500,2000,250,0.09166666666666667,52.204782,0.019155333317932444
10,42,14,500,2000,500,0.09166666666666667,11.981489,0.08346208054775162
10,42,14,500,5000,100,0.1369047619047619,6.961158,0.1436542598228628
10,42,14,500,5000,250,0.1369047619047619,6.224916,0.16064473801734833
10,42,14,500,5000,500,0.1369047619047619,4.610652,0.216889064713624
10,42,14,500,10000,100,0.18571428571428572,1.582244,0.6320137728441378
10,42,14,500,10000,250,0.18571428571428572,4.835206,0.20681642105837889
10,42,14,500,10000,500,0.18571428571428572,2.993028,0.3341098045190356
10,42,14,1000,2000,100,0.09166666666666667,24.068885,0.04154741692438183
10,42,14,1000,2000,250,0.09166666666666667,6.752213,0.14809959342218618
10,42,14,1000,2000,500,0.09166666666666667,4.13892,0.2416089221342766
10,42,14,1000,5000,100,0.1369047619047619,38.034986,0.026291583228136326
10,42,14,1000,5000,250,0.1369047619047619,5.540368,0.18049342570746205
10,42,14,1000,5000,500,0.1369047619047619,7.549876,0.13245250650474258
10,42,14,1000,10000,100,0.18571428571428572,1.785488,0.5600709721935964
10,42,14,1000,10000,250,0.18571428571428572,5.023981,0.19904533874630498
10,42,14,1000,10000,500,0.18571428571428572,9.118853,0.10966291484246977
10,42,16,20,2000,100,0.09166666666666667,70.612327,0.01416183324478175
10,42,16,20,2000,250,0.09166666666666667,20.875265,0.047903583499419054
10,42,16,20,2000,500,0.09166666666666667,3.023647,0.33072643731229207
10,42,16,20,5000,100,0.1369047619047619,12.013551,0.08323933531393007
10,42,16,20,5000,250,0.1369047619047619,3.031591,0.32985979968933804
10,42,16,20,5000,500,0.1369047619047619,5.67126,0.17632765910926318
10,42,16,20,10000,100,0.18571428571428572,2.906749,0.34402695244756254
10,42,16,20,10000,250,0.18571428571428572,2.452048,0.4078223591055314
10,42,16,20,10000,500,0.18571428571428572,1.879284,0.5321175511524602
10,42,16,40,2000,100,0.09166666666666667,4.215641,0.23721184987051794
10,42,16,40,2000,250,0.09166666666666667,7.177549,0.1393233261103477
10,42,16,40,2000,500,0.09166666666666667,29.560072,0.03382941692428895
10,42,16,40,5000,100,0.1369047619047619,14.284796,0.07000449988925288
10,42,16,40,5000,250,0.1369047619047619,3.281043,0.30478113209732394
10,42,16,40,5000,500,0.1369047619047619,6.227025,0.16059033005327583
10,42,16,40,10000,100,0.18571428571428572,2.091446,0.4781380920186321
10,42,16,40,10000,250,0.18571428571428572,3.764026,0.2656729788795295
10,42,16,40,10000,500,0.18571428571428572,1.649162,0.606368567793825
10,42,16,80,2000,100,0.09166666666666667,7.53212,0.13276474618035825
10,42,16,80,2000,250,0.09166666666666667,10.097959,0.09902991287645356
10,42,16,80,2000,500,0.09166666666666667,18.225476,0.05486825145197854
10,42,16,80,5000,100,0.1369047619047619,4.888997,0.20454093140167606
10,42,16,80,5000,250,0.1369047619047619,3.841571,0.2603101699799379
10,42,16,80,5000,500,0.1369047619047619,10.346995,0.09664641763139926
10,42,16,80,10000,100,0.18571428571428572,3.762409,0.2657871592376055
10,42,16,80,10000,250,0.18571428571428572,2.684456,0.3725149527502034
10,42,16,80,10000,500,0.18571428571428572,1.806485,0.5535611975742949
10,42,16,120,2000,100,0.09166666666666667,7.413457,0.13488983614526934
10,42,16,120,2000,250,0.09166666666666667,5.262057,0.19003975061463604
10,42,16,120,2000,500,0.09166666666666667,5.939947,0.1683516704778679
10,42,16,120,5000,100,0.1369047619047619,4.382403,0.2281853129436065
10,42,16,120,5000,250,0.1369047619047619,4.675679,0.21387268031017528
10,42,16,120,5000,500,0.1369047619047619,4.200723,0.23805425875498099
10,42,16,120,10000,100,0.18571428571428572,1.511982,0.6613835349891731
10,42,16,120,10000,250,0.18571428571428572,1.751323,0.5709968977738544
10,42,16,120,10000,500,0.18571428571428572,1.711368,0.5843278593499469
10,42,16,300,2000,100,0.09166666666666667,13.293144,0.07522674846522388
10,42,16,300,2000,250,0.09166666666666667,11.085051,0.09021158314923404
10,42,16,300,2000,500,0.09166666666666667,10.276612,0.0973083346924064
10,42,16,300,5000,100,0.1369047619047619,11.724257,0.08529325141883191
10,42,16,300,5000,250,0.1369047619047619,2.756107,0.3628306157924928
10,42,16,300,5000,500,0.1369047619047619,3.280088,0.3048698693449688
10,42,16,300,10000,100,0.18571428571428572,6.174729,0.1619504272981049
10,42,16,300,10000,250,0.18571428571428572,2.44955,0.4082382478414403
10,42,16,300,10000,500,0.18571428571428572,2.715121,0.36830771077974056
10,42,16,500,2000,100,0.09166666666666667,2.88751,0.34631914694667726
10,42,16,500,2000,250,0.09166666666666667,621.407488,0.0016092499998970082
10,42,16,500,2000,500,0.09166666666666667,3.343738,0.2990664938461087
10,42,16,500,5000,100,0.1369047619047619,3.534362,0.28293649603521087
10,42,16,500,5000,250,0.1369047619047619,10.376054,0.09637575132126336
10,42,16,500,5000,500,0.1369047619047619,2.991085,0.3343268412632874
10,42,16,500,10000,100,0.18571428571428572,2.178934,0.458940013786558
10,42,16,500,10000,250,0.18571428571428572,1.51458,0.6602490459401286
10,42,16,500,10000,500,0.18571428571428572,3.030924,0.32993239025458904
10,42,16,1000,2000,100,0.09166666666666667,8.62587,0.11593033514300585
10,42,16,1000,2000,250,0.09166666666666667,13.892169,0.07198299991887515
10,42,16,1000,2000,500,0.09166666666666667,18.294551,0.05466108460382548
10,42,16,1000,5000,100,0.1369047619047619,7.933722,0.12604424505925466
10,42,16,1000,5000,250,0.1369047619047619,2.632631,0.3798481443088682
10,42,16,1000,5000,500,0.1369047619047619,3.401531,0.29398526722231844
10,42,16,1000,10000,100,0.18571428571428572,2.098199,0.47659921675684713
10,42,16,1000,10000,250,0.18571428571428572,3.476999,0.287604339259229
10,42,16,1000,10000,500,0.18571428571428572,3.417849,0.29258167929595486
10,42,20,20,2000,100,0.09166666666666667,4.551858,0.21969050879882457
10,42,20,20,2000,250,0.09166666666666667,42.425164,0.023570916543775765
10,42,20,20,2000,500,0.09166666666666667,20.149577,0.049628833399331405
10,42,20,20,5000,100,0.1369047619047619,10.021647,0.09978399758043763
10,42,20,20,5000,250,0.1369047619047619,9.506592,0.1051901669914939
10,42,20,20,5000,500,0.1369047619047619,5.416854,0.18460899998412364
10,42,20,20,10000,100,0.18571428571428572,2.130333,0.4694101814129529
10,42,20,20,10000,250,0.18571428571428572,2.301608,0.4344788513074338
10,42,20,20,10000,500,0.18571428571428572,1.567838,0.6378209993634546
10,42,20,40,2000,100,0.09166666666666667,8.523617,0.11732108563770521
10,42,20,40,2000,250,0.09166666666666667,26.56754,0.0376399169813991
10,42,20,40,2000,500,0.09166666666666667,10.564217,0.09465916877701396
10,42,20,40,5000,100,0.1369047619047619,17.588886,0.056854083880013784
10,42,20,40,5000,250,0.1369047619047619,21.152904,0.047274832807826295
10,42,20,40,5000,500,0.1369047619047619,5.963041,0.1676996686757646
10,42,20,40,10000,100,0.18571428571428572,2.79703,0.35752208592685814
10,42,20,40,10000,250,0.18571428571428572,1.269717,0.7875770742614299
10,42,20,40,10000,500,0.18571428571428572,2.793916,0.3579205674043171
10,42,20,80,2000,100,0.09166666666666667,4.855105,0.20596876895556326
10,42,20,80,2000,250,0.09166666666666667,8.256315,0.12111940980933987
10,42,20,80,2000,500,0.09166666666666667,5.796827,0.17250816696789467
10,42,20,80,5000,100,0.1369047619047619,5.115301,0.19549191728893375
10,42,20,80,5000,250,0.1369047619047619,4.847999,0.20627066961028664
10,42,20,80,5000,500,0.1369047619047619,5.988867,0.16697649154673164
10,42,20,80,10000,100,0.18571428571428572,2.034017,0.4916379754938135
10,42,20,80,10000,250,0.18571428571428572,1.76071,0.5679527008990691
10,42,20,80,10000,500,0.18571428571428572,1.998388,0.5004033250800145
10,42,20,120,2000,100,0.09166666666666667,7.646312,0.13078200314086058
10,42,20,120,2000,250,0.09166666666666667,5.564923,0.17969700569082447
10,42,20,120,2000,500,0.09166666666666667,26.205909,0.03815933269095913
10,42,20,120,5000,100,0.1369047619047619,5.302442,0.1885923504679542
10,42,20,120,5000,250,0.1369047619047619,3.362851,0.2973667284099117
10,42,20,120,5000,500,0.1369047619047619,3.782747,0.26435815030717097
10,42,20,120,10000,100,0.18571428571428572,2.573098,0.3886365773864812
10,42,20,120,10000,250,0.18571428571428572,1.692345,0.5908960643367634
10,42,20,120,10000,500,0.18571428571428572,1.519863,0.6579540392785402
10,42,20,300,2000,100,0.09166666666666667,4.098921,0.2439666439045788
10,42,20,300,2000,250,0.09166666666666667,13.007397,0.07687933258283729
10,42,20,300,2000,500,0.09166666666666667,117.822638,0.008487333308561636
10,42,20,300,5000,100,0.1369047619047619,1.466671,0.6818161673613237
10,42,20,300,5000,250,0.1369047619047619,3.141808,0.318288068526148
10,42,20,300,5000,500,0.1369047619047619,9.138972,0.10942149729750784
10,42,20,300,10000,100,0.18571428571428572,10.522458,0.0950348293145955
10,42,20,300,10000,250,0.18571428571428572,1.637111,0.6108321305030631
10,42,20,300,10000,500,0.18571428571428572,1.847963,0.541136375565961
10,42,20,500,2000,100,0.09166666666666667,12.380949,0.08076925282544982
10,42,20,500,2000,250,0.09166666666666667,29.921755,0.03342049956628546
10,42,20,500,2000,500,0.09166666666666667,21.794169,0.045883832505841354
10,42,20,500,5000,100,0.1369047619047619,3.202821,0.3122247543649801
10,42,20,500,5000,250,0.1369047619047619,14.232883,0.07025983421630039
10,42,20,500,5000,500,0.1369047619047619,4.575977,0.2185325669250523
10,42,20,500,10000,100,0.18571428571428572,4.228599,0.23648494454073324
10,42,20,500,10000,250,0.18571428571428572,1.916557,0.5217689846949504
10,42,20,500,10000,500,0.18571428571428572,1.726345,0.579258491205408
10,42,20,1000,2000,100,0.09166666666666667,16.02943,0.06238525013054113
10,42,20,1000,2000,250,0.09166666666666667,52.000503,0.019230583211858547
10,42,20,1000,2000,500,0.09166666666666667,99.303222,0.01007016670617193
10,42,20,1000,5000,100,0.1369047619047619,4.710375,0.21229732240002122
10,42,20,1000,5000,250,0.1369047619047619,5.084838,0.1966630991980472
10,42,20,1000,5000,500,0.1369047619047619,6.151218,0.16256942933903495
10,42,20,1000,10000,100,0.18571428571428572,2.609628,0.38319637894749753
10,42,20,1000,10000,250,0.18571428571428572,5.199016,0.19234408972774847
10,42,20,1000,10000,500,0.18571428571428572,4.026498,0.24835477380095555
1,42,12,20,2000,100,0.0,69.875098,0.014311250053631411
1,42,12,20,2000,250,0.0,92.040068,0.010864833346276971
1,42,12,20,2000,500,0.0,58.031008,0.01723216663753282
1,42,12,20,5000,100,0.08333333333333333,18.258448,0.0547691676751496
1,42,12,20,5000,250,0.08333333333333333,22.324585,0.04479366581730411
1,42,12,20,5000,500,0.08333333333333333,22.465053,0.044513582941469135
1,42,12,20,10000,100,0.08333333333333333,9.905624,0.10095275168934335
1,42,12,20,10000,250,0.08333333333333333,9.318608,0.1073121650787328
1,42,12,20,10000,500,0.08333333333333333,9.005574,0.11104233888922573
1,42,12,40,2000,100,0.0,35.105888,0.028485250109611244
1,42,12,40,2000,250,0.0,36.238777,0.027594750231223313
1,42,12,40,2000,500,0.0,109.926349,0.009097000028628259
1,42,12,40,5000,100,0.08333333333333333,19.888887,0.05027933438407086
1,42,12,40,5000,250,0.08333333333333333,37.162173,0.026909083061423773
1,42,12,40,5000,500,0.08333333333333333,16.67051,0.05998616718984602
1,42,12,40,10000,100,0.08333333333333333,9.515721,0.10508925177608718
1,42,12,40,10000,250,0.08333333333333333,11.0501,0.09049691857992236
1,42,12,40,10000,500,0.08333333333333333,9.323814,0.10725224677369154
1,42,12,80,2000,100,0.0,40.973251,0.02440616684285072
1,42,12,80,2000,250,0.0,33.264125,0.03006241709349036
1,42,12,80,2000,500,0.0,178.276953,0.00560925000776741
1,42,12,80,5000,100,0.08333333333333333,14.602182,0.06848291577245098
1,42,12,80,5000,250,0.08333333333333333,21.688132,0.046108166438677156
1,42,12,80,5000,500,0.08333333333333333,20.842597,0.04797866599829186
1,42,12,80,10000,100,0.08333333333333333,7.896238,0.1266425860010805
1,42,12,80,10000,250,0.08333333333333333,12.592331,0.07941341440278214
1,42,12,80,10000,500,0.08333333333333333,7.473632,0.13380375164311006
1,42,12,120,2000,100,0.0,64.537642,0.015494833232363834
1,42,12,120,2000,250,0.0,46.733886,0.021397749804071504
1,42,12,120,2000,500,0.0,36.79819,0.027175249652224745
1,42,12,120,5000,100,0.08333333333333333,10.093814,0.09907057926765839
1,42,12,120,5000,250,0.08333333333333333,35.866934,0.027880833081522942
1,42,12,120,5000,500,0.08333333333333333,41.688669,0.02398733334470333
1,42,12,120,10000,100,0.08333333333333333,11.16005,0.08960533330943858
1,42,12,120,10000,250,0.08333333333333333,9.710592,0.10298033322788147
1,42,12,120,10000,500,0.08333333333333333,11.135134,0.08980583439768214
1,42,12,300,2000,100,0.0,55.547326,0.018002666771034126
1,42,12,300,2000,250,0.0,60.572715,0.016509083338925784
1,42,12,300,2000,500,0.0,39.25584,0.025473916747164243
1,42,12,300,5000,100,0.08333333333333333,27.014128,0.0370176671999185
1,42,12,300,5000,250,0.08333333333333333,19.352654,0.05167249928614442
1,42,12,300,5000,500,0.08333333333333333,32.493731,0.030775167062225023
1,42,12,300,10000,100,0.08333333333333333,11.304044,0.08846391609940656
1,42,12,300,10000,250,0.08333333333333333,13.508433,0.07402783135542072
1,42,12,300,10000,500,0.08333333333333333,11.497667,0.08697416615040252
1,42,12,500,2000,100,0.0,48.770773,0.020504083459985348
1,42,12,500,2000,250,0.0,61.680485,0.01621258328302704
1,42,12,500,2000,500,0.0,42.336405,0.02362033337502322
1,42,12,500,5000,100,0.08333333333333333,10.292275,0.09716024882739725
1,42,12,500,5000,250,0.08333333333333333,16.761298,0.05966125057856498
1,42,12,500,5000,500,0.08333333333333333,14.46407,0.06913683354685092
1,42,12,500,10000,100,0.08333333333333333,8.377332,0.11936974683586614
1,42,12,500,10000,250,0.08333333333333333,9.632473,0.10381549992405897
1,42,12,500,10000,500,0.08333333333333333,10.243741,0.09762058607299813
1,42,12,1000,2000,100,0.0,110.397615,0.009058166700430983
1,42,12,1000,2000,250,0.0,35.140121,0.028457500189028945
1,42,12,1000,2000,500,0.0,95.398607,0.010482333353148438
1,42,12,1000,5000,100,0.08333333333333333,29.355715,0.03406491717200552
1,42,12,1000,5000,250,0.08333333333333333,18.413098,0.05430916622504262
1,42,12,1000,5000,500,0.08333333333333333,17.182327,0.0581993347001253
1,42,12,1000,10000,100,0.08333333333333333,9.971258,0.10028824848379211
1,42,12,1000,10000,250,0.08333333333333333,10.482235,0.0953995021099985
1,42,12,1000,10000,500,0.08333333333333333,10.57896,0.09452725031572101
1,42,14,20,2000,100,0.0,72.997585,0.013699083332688334
1,42,14,20,2000,250,0.0,39.364913,0.02540333316626408
1,42,14,20,2000,500,0.0,102.809263,0.009726750010842894
1,42,14,20,5000,100,0.08333333333333333,12.35581,0.08093358509073868
1,42,14,20,5000,250,0.08333333333333333,24.00605,0.041656165841527454
1,42,14,20,5000,500,0.08333333333333333,23.2564,0.042998916427306036
1,42,14,20,10000,100,0.08333333333333333,6.189775,0.16155676094849974
1,42,14,20,10000,250,0.08333333333333333,9.996909,0.10003091955723514
1,42,14,20,10000,500,0.08333333333333333,10.045843,0.09954366199033769
1,42,14,40,2000,100,0.0,70.346162,0.014215416613631316
1,42,14,40,2000,250,0.0,54.677426,0.018289083322978666
1,42,14,40,2000,500,0.0,81.91294,0.01220808336265308
1,42,14,40,5000,100,0.08333333333333333,32.516007,0.03075408367331204
1,42,14,40,5000,250,0.08333333333333333,30.196352,0.033116583089242035
1,42,14,40,5000,500,0.08333333333333333,31.485485,0.03176066685966565
1,42,14,40,10000,100,0.08333333333333333,17.16721,0.05825058352522046
1,42,14,40,10000,250,0.08333333333333333,10.49496,0.09528383147720429
1,42,14,40,10000,500,0.08333333333333333,15.400707,0.0649320839621194
1,42,14,80,2000,100,0.0,77.780659,0.012856666591112323
1,42,14,80,2000,250,0.0,80.55205,0.01241433334098884
1,42,14,80,2000,500,0.0,39.269586,0.025464999809267152
1,42,14,80,5000,100,0.08333333333333333,13.833906,0.07228616415349359
1,42,14,80,5000,250,0.08333333333333333,21.779375,0.04591499985651562
1,42,14,80,5000,500,0.08333333333333333,14.40042,0.06944241904055576
1,42,14,80,10000,100,0.08333333333333333,13.481965,0.0741731639267718
1,42,14,80,10000,250,0.08333333333333333,11.123367,0.08990083668011672
1,42,14,80,10000,500,0.08333333333333333,7.602274,0.13153958933866366
1,42,14,120,2000,100,0.0,42.084442,0.023761750244900477
1,42,14,120,2000,250,0.0,86.086302,0.011616249934861878
1,42,14,120,2000,500,0.0,72.266954,0.013837583357948088
1,42,14,120,5000,100,0.08333333333333333,24.84719,0.04024599964824996
1,42,14,120,5000,250,0.08333333333333333,15.835647,0.06314866705477838
1,42,14,120,5000,500,0.08333333333333333,25.637794,0.039004915945576285
1,42,14,120,10000,100,0.08333333333333333,13.215932,0.07566624888808447
1,42,14,120,10000,250,0.08333333333333333,11.351178,0.08809658345591972
1,42,14,120,10000,500,0.08333333333333333,13.44702,0.07436591899171713
1,42,14,300,2000,100,0.0,58.6711,0.017044166548777846
1,42,14,300,2000,250,0.0,30.109146,0.03321249961722594
1,42,14,300,2000,500,0.0,27.20194,0.03676208388078203
1,42,14,300,5000,100,0.08333333333333333,19.353653,0.05166983204669423
1,42,14,300,5000,250,0.08333333333333333,32.855739,0.030436083023425528
1,42,14,300,5000,500,0.08333333333333333,25.17486,0.03972216727322416
1,42,14,300,10000,100,0.08333333333333333,10.010185,0.09989825362867918
1,42,14,300,10000,250,0.08333333333333333,10.156804,0.0984561679047858
1,42,14,300,10000,500,0.08333333333333333,10.67875,0.09364391899801006
1,42,14,500,2000,100,0.0,104.43228,0.009575583334961182
1,42,14,500,2000,250,0.0,44.12657,0.022662083184802263
1,42,14,500,2000,500,0.0,81.960495,0.012201000006161505
1,42,14,500,5000,100,0.08333333333333333,23.217298,0.043071334140604996
1,42,14,500,5000,250,0.08333333333333333,19.419581,0.05149441689807828
1,42,14,500,5000,500,0.08333333333333333,23.086957,0.04331450004433239
1,42,14,500,10000,100,0.08333333333333333,5.912093,0.169144835847474
1,42,14,500,10000,250,0.08333333333333333,7.813818,0.12797840953039857
1,42,14,500,10000,500,0.08333333333333333,6.916478,0.1445822570389149
1,42,14,1000,2000,100,0.0,29.182666,0.034266917217227515
1,42,14,1000,2000,250,0.0,28.485971,0.03510499958031973
1,42,14,1000,2000,500,0.0,69.624146,0.01436283326189739
1,42,14,1000,5000,100,0.08333333333333333,36.982818,0.02703958362502284
1,42,14,1000,5000,250,0.08333333333333333,35.246949,0.028371249948470716
1,42,14,1000,5000,500,0.08333333333333333,19.244987,0.05196158355420038
1,42,14,1000,10000,100,0.08333333333333333,7.43208,0.13455183474881863
1,42,14,1000,10000,250,0.08333333333333333,23.981726,0.04169841653599078
1,42,14,1000,10000,500,0.08333333333333333,8.569084,0.11669858762033375
1,42,16,20,2000,100,0.0,54.964433,0.01819358347606351
1,42,16,20,2000,250,0.0,46.757376,0.021386999989049856
1,42,16,20,2000,500,0.0,79.928597,0.012511166685435502
1,42,16,20,5000,100,0.08333333333333333,18.574759,0.05383649930532073
1,42,16,20,5000,250,0.08333333333333333,13.146492,0.0760659193342224
1,42,16,20,5000,500,0.08333333333333333,18.463981,0.054159501139001386
1,42,16,20,10000,100,0.08333333333333333,11.097024,0.09011425045129218
1,42,16,20,10000,250,0.08333333333333333,16.473175,0.06070475181621029
1,42,16,20,10000,500,0.08333333333333333,13.809103,0.07241599979375923
1,42,16,40,2000,100,0.0,63.872595,0.015656166780134737
1,42,16,40,2000,250,0.0,35.071004,0.02851358347197588
1,42,16,40,2000,500,0.0,83.401676,0.011990166720390608
1,42,16,40,5000,100,0.08333333333333333,17.01013,0.05878849838302235
1,42,16,40,5000,250,0.08333333333333333,10.856349,0.09211199824176618
1,42,16,40,5000,500,0.08333333333333333,30.350626,0.032948249568229664
1,42,16,40,10000,100,0.08333333333333333,9.272653,0.10784400106420461
1,42,16,40,10000,250,0.08333333333333333,10.281913,0.09725816586854995
1,42,16,40,10000,500,0.08333333333333333,13.395025,0.07465458257823333
1,42,16,80,2000,100,0.0,37.406251,0.02673349970303092
1,42,16,80,2000,250,0.0,41.10321,0.024329000095126393
1,42,16,80,2000,500,0.0,59.318724,0.016858083461134463
1,42,16,80,5000,100,0.08333333333333333,22.167419,0.0451112508858158
1,42,16,80,5000,250,0.08333333333333333,25.420067,0.0393389993818663
1,42,16,80,5000,500,0.08333333333333333,26.30754,0.038011915975419974
1,42,16,80,10000,100,0.08333333333333333,9.01529,0.11092266582661234
1,42,16,80,10000,250,0.08333333333333333,10.880169,0.09191033705450714
1,42,16,80,10000,500,0.08333333333333333,10.270737,0.09736399637143858
1,42,16,120,2000,100,0.0,64.383209,0.015531999966015985
1,42,16,120,2000,250,0.0,84.769709,0.01179666666072901
1,42,16,120,2000,500,0.0,29.904753,0.03343950040316334
1,42,16,120,5000,100,0.08333333333333333,25.56515,0.03911574936974749
1,42,16,120,5000,250,0.08333333333333333,31.825258,0.0314215834479645
1,42,16,120,5000,500,0.08333333333333333,25.803733,0.03875408259727381
1,42,16,120,10000,100,0.08333333333333333,7.650612,0.13070849756856054
1,42,16,120,10000,250,0.08333333333333333,10.567566,0.09462917004729378
1,42,16,120,10000,500,0.08333333333333333,9.856595,0.10145491419704268
1,42,16,300,2000,100,0.0,29.788206,0.03357033317145719
1,42,16,300,2000,250,0.0,59.755004,0.0167350001348841
1,42,16,300,2000,500,0.0,22.276304,0.044890750278861344
1,42,16,300,5000,100,0.08333333333333333,23.997648,0.04167075040020588
1,42,16,300,5000,250,0.08333333333333333,23.663505,0.04225916659429784
1,42,16,300,5000,500,0.08333333333333333,17.919515,0.055805081778161965
1,42,16,300,10000,100,0.08333333333333333,12.251149,0.08162499696967199
1,42,16,300,10000,250,0.08333333333333333,9.601736,0.10414783326681758
1,42,16,300,10000,500,0.08333333333333333,8.018008,0.1247192569525997
1,42,16,500,2000,100,0.0,65.856269,0.015184583262680733
1,42,16,500,2000,250,0.0,63.082196,0.01585233335884502
1,42,16,500,2000,500,0.0,54.160179,0.018463749907473532
1,42,16,500,5000,100,0.08333333333333333,17.665738,0.05660674917741902
1,42,16,500,5000,250,0.08333333333333333,19.163849,0.052181584190107114
1,42,16,500,5000,500,0.08333333333333333,19.614125,0.05098366610797066
1,42,16,500,10000,100,0.08333333333333333,9.08301,0.11009566212081678
1,42,16,500,10000,250,0.08333333333333333,11.276447,0.08868041502788955
1,42,16,500,10000,500,0.08333333333333333,8.018464,0.1247121643247385
1,42,16,1000,2000,100,0.0,87.363585,0.01144641671927726
1,42,16,1000,2000,250,0.0,59.481618,0.01681191658236331
1,42,16,1000,2000,500,0.0,59.127573,0.016912583237603883
1,42,16,1000,5000,100,0.08333333333333333,25.37014,0.039416416306729096
1,42,16,1000,5000,250,0.08333333333333333,20.767749,0.0481515834961218
1,42,16,1000,5000,500,0.08333333333333333,16.44009,0.06082691761419797
1,42,16,1000,10000,100,0.08333333333333333,8.821214,0.11336308131737877
1,42,16,1000,10000,250,0.08333333333333333,13.878641,0.07205316428316
1,42,16,1000,10000,500,0.08333333333333333,6.737322,0.14842692690062906
1,42,20,20,2000,100,0.0,46.141601,0.021672416611638594
1,42,20,20,2000,250,0.0,54.116703,0.01847858322041533
1,42,20,20,2000,500,0.0,59.087686,0.016924000036149665
1,42,20,20,5000,100,0.08333333333333333,11.862959,0.08429600068583226
1,42,20,20,5000,250,0.08333333333333333,14.692558,0.06806166768237362
1,42,20,20,5000,500,0.08333333333333333,29.361677,0.034058000161230575
1,42,20,20,10000,100,0.08333333333333333,6.517053,0.15344358868955033
1,42,20,20,10000,250,0.08333333333333333,11.409143,0.08764900220814131
1,42,20,20,10000,500,0.08333333333333333,9.813775,0.10189758782935211
1,42,20,40,2000,100,0.0,33.625973,0.029738916402508263
1,42,20,40,2000,250,0.0,44.07066,0.022690833311777042
1,42,20,40,2000,500,0.0,61.877359,0.01616100001940936
1,42,20,40,5000,100,0.08333333333333333,20.744162,0.04820633390734222
1,42,20,40,5000,250,0.08333333333333333,14.554275,0.06870833483632816
1,42,20,40,5000,500,0.08333333333333333,29.096693,0.034368166856625255
1,42,20,40,10000,100,0.08333333333333333,9.250694,0.10809999768666005
1,42,20,40,10000,250,0.08333333333333333,8.59368,0.1163645842060677
1,42,20,40,10000,500,0.08333333333333333,11.772115,0.08494650281618894
1,42,20,80,2000,100,0.0,50.342539,0.01986391667690817
1,42,20,80,2000,250,0.0,79.043573,0.012651249963105793
1,42,20,80,2000,500,0.0,44.490253,0.022476833296497547
1,42,20,80,5000,100,0.08333333333333333,15.550004,0.06430866512960383
1,42,20,80,5000,250,0.08333333333333333,20.523205,0.048725333104649104
1,42,20,80,5000,500,0.08333333333333333,30.783202,0.03248524958514712
1,42,20,80,10000,100,0.08333333333333333,9.965279,0.10034841974820774
1,42,20,80,10000,250,0.08333333333333333,8.174832,0.12232667289064778
1,42,20,80,10000,500,0.08333333333333333,10.235502,0.09769916512155437
1,42,20,120,2000,100,0.0,67.604491,0.014791916708610381
1,42,20,120,2000,250,0.0,38.203785,0.026175416912224796
1,42,20,120,2000,500,0.0,29.888218,0.03345800007213545
1,42,20,120,5000,100,0.08333333333333333,8.853299,0.11295224525908365
1,42,20,120,5000,250,0.08333333333333333,15.401972,0.06492675093812662
1,42,20,120,5000,500,0.08333333333333333,14.077782,0.07103391713268468
1,42,20,120,10000,100,0.08333333333333333,13.279904,0.0753017491692711
1,42,20,120,10000,250,0.08333333333333333,8.124445,0.12308533075182367
1,42,20,120,10000,500,0.08333333333333333,8.772007,0.11399899703682406
1,42,20,300,2000,100,0.0,74.435684,0.01343441675097659
1,42,20,300,2000,250,0.0,43.820729,0.022820250206243717
1,42,20,300,2000,500,0.0,38.619358,0.02589374996860383
1,42,20,300,5000,100,0.08333333333333333,18.086044,0.05529125108840827
1,42,20,300,5000,250,0.08333333333333333,26.315616,0.03800025049765128
1,42,20,300,5000,500,0.08333333333333333,20.752736,0.04818641744394571
1,42,20,300,10000,100,0.08333333333333333,11.12641,0.08987624939221187
1,42,20,300,10000,250,0.08333333333333333,17.02147,0.058749332460709916
1,42,20,300,10000,500,0.08333333333333333,11.901255,0.08402475201144753
1,42,20,500,2000,100,0.0,91.309608,0.010951750006417725
1,42,20,500,2000,250,0.0,38.395331,0.026044833419980155
1,42,20,500,2000,500,0.0,62.737553,0.01593941669991496
1,42,20,500,5000,100,0.08333333333333333,21.294303,0.04696091719930913
1,42,20,500,5000,250,0.08333333333333333,19.509213,0.051257833926975936
1,42,20,500,5000,500,0.08333333333333333,36.838405,0.027145583528928572
1,42,20,500,10000,100,0.08333333333333333,10.398992,0.09616316658383812
1,42,20,500,10000,250,0.08333333333333333,7.353162,0.13599591577065756
1,42,20,500,10000,500,0.08333333333333333,9.412281,0.10624417184314833
1,42,20,1000,2000,100,0.0,57.442928,0.017408583350765127
1,42,20,1000,2000,250,0.0,41.162851,0.024293749721077385
1,42,20,1000,2000,500,0.0,54.27212,0.01842566680645606
1,42,20,1000,5000,100,0.08333333333333333,36.183596,0.027636833000235797
1,42,20,1000,5000,250,0.08333333333333333,10.88307,0.09188583736023015
1,42,20,1000,5000,500,0.08333333333333333,21.631287,0.04622933438958116
1,42,20,1000,10000,100,0.08333333333333333,11.099364,0.09009525230454646
1,42,20,1000,10000,250,0.08333333333333333,8.594683,0.11635100445240389
1,42,20,1000,10000,500,0.08333333333333333,8.64676,0.1156502551244628
50,42,12,20,2000,100,0.10796144227064204,94.690992,0.010560666636589888
50,42,12,20,2000,250,0.10796144227064204,36.327199,0.027527583395570904
50,42,12,20,2000,500,0.10796144227064204,33.913537,0.02948675037935442
50,42,12,20,5000,100,0.1700096811064062,14.471274,0.06910241627654898
50,42,12,20,5000,250,0.1700096811064062,18.725715,0.05340250025165928
50,42,12,20,5000,500,0.1700096811064062,15.326238,0.06524758391459143
50,42,12,20,10000,100,0.2348626222828768,10.64906,0.09390500194383354
50,42,12,20,10000,250,0.2348626222828768,12.173163,0.08214791833478283
50,42,12,20,10000,500,0.2348626222828768,14.591386,0.06853358550037673
50,42,12,40,2000,100,0.10796144227064204,34.421433,0.029051666733340243
50,42,12,40,2000,250,0.10796144227064204,79.065446,0.012647750067709731
50,42,12,40,2000,500,0.10796144227064204,46.203604,0.021643333277637823
50,42,12,40,5000,100,0.1700096811064062,23.608105,0.04235833413990662
50,42,12,40,5000,250,0.1700096811064062,25.17222,0.03972633323560656
50,42,12,40,5000,500,0.1700096811064062,20.673793,0.048370417561982945
50,42,12,40,10000,100,0.2348626222828768,11.781176,0.08488116975758617
50,42,12,40,10000,250,0.2348626222828768,9.482523,0.10545716577750457
50,42,12,40,10000,500,0.2348626222828768,9.693194,0.10316516929301116
50,42,12,80,2000,100,0.10796144227064204,60.90814,0.016418166767200575
50,42,12,80,2000,250,0.10796144227064204,61.575091,0.016240333286718162
50,42,12,80,2000,500,0.10796144227064204,21.700996,0.04608083426216935
50,42,12,80,5000,100,0.1700096811064062,17.970878,0.055645583927507604
50,42,12,80,5000,250,0.1700096811064062,22.917076,0.04363558422549194
50,42,12,80,5000,500,0.1700096811064062,21.547854,0.04640833374868792
50,42,12,80,10000,100,0.2348626222828768,10.180932,0.09822283460885506
50,42,12,80,10000,250,0.2348626222828768,11.99964,0.08333583340833559
50,42,12,80,10000,500,0.2348626222828768,12.516193,0.07989649887949156
50,42,12,120,2000,100,0.10796144227064204,75.90853,0.013173750038368548
50,42,12,120,2000,250,0.10796144227064204,34.304042,0.02915108371194275
50,42,12,120,2000,500,0.10796144227064204,68.617304,0.014573583363170316
50,42,12,120,5000,100,0.1700096811064062,18.700706,0.053473916974043655
50,42,12,120,5000,250,0.1700096811064062,18.51012,0.0540245011917805
50,42,12,120,5000,500,0.1700096811064062,14.935218,0.06695583552914995
50,42,12,120,10000,100,0.2348626222828768,5.34599,0.18705609251046112
50,42,12,120,10000,250,0.2348626222828768,6.187576,0.16161417653698315
50,42,12,120,10000,500,0.2348626222828768,12.826021,0.07796650262774402
50,42,12,300,2000,100,0.10796144227064204,49.125163,0.02035616655358477
50,42,12,300,2000,250,0.10796144227064204,42.383807,0.023593916421901413
50,42,12,300,2000,500,0.10796144227064204,33.205125,0.030115833022763803
50,42,12,300,5000,100,0.1700096811064062,13.701539,0.07298450195996231
50,42,12,300,5000,250,0.1700096811064062,25.636808,0.039006416087369385
50,42,12,300,5000,500,0.1700096811064062,16.756079,0.05967983321157653
50,42,12,300,10000,100,0.2348626222828768,9.138547,0.10942658608638768
50,42,12,300,10000,250,0.2348626222828768,15.641803,0.06393124884644052
50,42,12,300,10000,500,0.2348626222828768,6.801214,0.14703257389048485
50,42,12,500,2000,100,0.10796144227064204,58.084377,0.017216333404075246
50,42,12,500,2000,250,0.10796144227064204,36.046753,0.02774174972153525
50,42,12,500,2000,500,0.10796144227064204,18.809632,0.053164251166636325
50,42,12,500,5000,100,0.1700096811064062,11.371314,0.08794058452699485
50,42,12,500,5000,250,0.1700096811064062,12.1273,0.08245858517559555
50,42,12,500,5000,500,0.1700096811064062,25.445131,0.03930024962339553
50,42,12,500,10000,100,0.2348626222828768,9.814361,0.10189150368526285
50,42,12,500,10000,250,0.2348626222828768,13.187031,0.0758320807769391
50,42,12,500,10000,500,0.2348626222828768,6.375985,0.15683851201030116
50,42,12,1000,2000,100,0.10796144227064204,49.313312,0.020278500052886325
50,42,12,1000,2000,250,0.10796144227064204,52.042901,0.019214916555093654
50,42,12,1000,2000,500,0.10796144227064204,47.078763,0.021240999896280196
50,42,12,1000,5000,100,0.1700096811064062,27.554092,0.03629225016741615
50,42,12,1000,5000,250,0.1700096811064062,13.571099,0.073685999932651
50,42,12,1000,5000,500,0.1700096811064062,19.901851,0.05024658259173983
50,42,12,1000,10000,100,0.2348626222828768,8.045009,0.12430066889918955
50,42,12,1000,10000,250,0.2348626222828768,12.233276,0.08174425231638688
50,42,12,1000,10000,500,0.2348626222828768,5.93084,0.16861018000822817
50,42,14,20,2000,100,0.10796144227064204,54.202256,0.01844941657040991
50,42,14,20,2000,250,0.10796144227064204,26.399213,0.037879917102074216
50,42,14,20,2000,500,0.10796144227064204,22.346868,0.04474900017308913
50,42,14,20,5000,100,0.1700096811064062,15.790284,0.06333008323346179
50,42,14,20,5000,250,0.1700096811064062,22.947754,0.043577249433648275
50,42,14,20,5000,500,0.1700096811064062,18.778138,0.05325341628653491
50,42,14,20,10000,100,0.2348626222828768,7.862702,0.12718274201413204
50,42,14,20,10000,250,0.2348626222828768,9.124927,0.10958991781523293
50,42,14,20,10000,500,0.2348626222828768,6.527504,0.15319791454742884
50,42,14,40,2000,100,0.10796144227064204,45.288659,0.022080583132302503
50,42,14,40,2000,250,0.10796144227064204,61.718236,0.0162026665830177
50,42,14,40,2000,500,0.10796144227064204,44.215506,0.022616500193393695
50,42,14,40,5000,100,0.1700096811064062,27.563396,0.0362799997503936
50,42,14,40,5000,250,0.1700096811064062,29.193884,0.034253749860758506
50,42,14,40,5000,500,0.1700096811064062,19.951617,0.050121250823930714
50,42,14,40,10000,100,0.2348626222828768,7.174412,0.1393842450085108
50,42,14,40,10000,250,0.2348626222828768,7.630433,0.1310541616707728
50,42,14,40,10000,500,0.2348626222828768,10.160081,0.09842441216758016
50,42,14,80,2000,100,0.10796144227064204,25.672403,0.03895233336746856
50,42,14,80,2000,250,0.10796144227064204,32.048714,0.03120250004415154
50,42,14,80,2000,500,0.10796144227064204,28.685488,0.0348608327667286
50,42,14,80,5000,100,0.1700096811064062,18.582985,0.053812667878707324
50,42,14,80,5000,250,0.1700096811064062,16.913224,0.05912533293474976
50,42,14,80,5000,500,0.1700096811064062,12.65425,0.07902483355394434
50,42,14,80,10000,100,0.2348626222828768,7.532125,0.13276465804802762
50,42,14,80,10000,250,0.2348626222828768,3.744386,0.2670664829961441
50,42,14,80,10000,500,0.2348626222828768,9.475312,0.10553742188120031
50,42,14,120,2000,100,0.10796144227064204,65.503971,0.015266250041543281
50,42,14,120,2000,250,0.10796144227064204,37.258518,0.02683950016476769
50,42,14,120,2000,500,0.10796144227064204,52.441822,0.019068750128475705
50,42,14,120,5000,100,0.1700096811064062,40.045251,0.024971750083424372
50,42,14,120,5000,250,0.1700096811064062,22.014309,0.04542500062118688
50,42,14,120,5000,500,0.1700096811064062,30.85404,0.032410666479981226
50,42,14,120,10000,100,0.2348626222828768,11.06213,0.09039850372396636
50,42,14,120,10000,250,0.2348626222828768,8.172399,0.12236309069099538
50,42,14,120,10000,500,0.2348626222828768,10.266378,0.09740533613704853
50,42,14,300,2000,100,0.10796144227064204,21.50318,0.04650474953006951
50,42,14,300,2000,250,0.10796144227064204,26.573894,0.03763091701953805
50,42,14,300,2000,500,0.10796144227064204,35.098495,0.028491250123402728
50,42,14,300,5000,100,0.1700096811064062,28.299351,0.03533649941300774
50,42,14,300,5000,250,0.1700096811064062,16.20971,0.06169141829187567
50,42,14,300,5000,500,0.1700096811064062,20.441085,0.0489210822223967
50,42,14,300,10000,100,0.2348626222828768,14.135491,0.07074391685439155
50,42,14,300,10000,250,0.2348626222828768,6.848326,0.14602108602890693
50,42,14,300,10000,500,0.2348626222828768,12.770563,0.07830508333892562
50,42,14,500,2000,100,0.10796144227064204,24.350699,0.04106658293464184
50,42,14,500,2000,250,0.10796144227064204,85.036424,0.011759666657666602
50,42,14,500,2000,500,0.10796144227064204,30.456389,0.032833833321474847
50,42,14,500,5000,100,0.1700096811064062,13.966529,0.07159975109062532
50,42,14,500,5000,250,0.1700096811064062,21.867762,0.04572941666367139
50,42,14,500,5000,500,0.1700096811064062,19.73019,0.050683749117469215
50,42,14,500,10000,100,0.2348626222828768,8.957978,0.11163233488628795
50,42,14,500,10000,250,0.2348626222828768,8.889271,0.11249516411413263
50,42,14,500,10000,500,0.2348626222828768,12.413648,0.08055649717150026
50,42,14,1000,2000,100,0.10796144227064204,33.374588,0.02996291669578063
50,42,14,1000,2000,250,0.10796144227064204,64.924174,0.015402583327436712
50,42,14,1000,2000,500,0.10796144227064204,78.440088,0.012748583351920768
50,42,14,1000,5000,100,0.1700096811064062,19.154,0.05220841599665866
50,42,14,1000,5000,250,0.1700096811064062,22.888358,0.043690333749585704
50,42,14,1000,5000,500,0.1700096811064062,14.843127,0.06737124865939637
50,42,14,1000,10000,100,0.2348626222828768,9.904038,0.1009689179302422
50,42,14,1000,10000,250,0.2348626222828768,7.04722,0.14189992649583807
50,42,14,1000,10000,500,0.2348626222828768,10.861626,0.0920672466534937
50,42,16,20,2000,100,0.10796144227064204,39.548749,0.025285249857081447
50,42,16,20,2000,250,0.10796144227064204,52.290544,0.019123916553631572
50,42,16,20,2000,500,0.10796144227064204,45.815341,0.021826750127211757
50,42,16,20,5000,100,0.1700096811064062,27.398949,0.03649775033341607
50,42,16,20,5000,250,0.1700096811064062,15.148646,0.06601250039112407
50,42,16,20,5000,500,0.1700096811064062,20.775336,0.048133998891762814
50,42,16,20,10000,100,0.2348626222828768,7.29682,0.1370460008606489
50,42,16,20,10000,250,0.2348626222828768,9.433658,0.10600341882226386
50,42,16,20,10000,500,0.2348626222828768,7.345937,0.1361296727701313
50,42,16,40,2000,100,0.10796144227064204,37.311112,0.026801667020806025
50,42,16,40,2000,250,0.10796144227064204,82.137772,0.012174666729455481
50,42,16,40,2000,500,0.10796144227064204,52.66877,0.01898658351049398
50,42,16,40,5000,100,0.1700096811064062,19.438046,0.05144550023186487
50,42,16,40,5000,250,0.1700096811064062,15.039799,0.06649025030188235
50,42,16,40,5000,500,0.1700096811064062,17.18245,0.058198918082112854
50,42,16,40,10000,100,0.2348626222828768,6.057709,0.16507891019525697
50,42,16,40,10000,250,0.2348626222828768,7.939632,0.12595042188353314
50,42,16,40,10000,500,0.2348626222828768,8.21493,0.12172958260143421
50,42,16,80,2000,100,0.10796144227064204,35.750568,0.02797158355637874
50,42,16,80,2000,250,0.10796144227064204,48.554296,0.020595499932693904
50,42,16,80,2000,500,0.10796144227064204,78.664796,0.012712166697794526
50,42,16,80,5000,100,0.1700096811064062,14.43986,0.06925274898787108
50,42,16,80,5000,250,0.1700096811064062,14.47852,0.0690678329000478
50,42,16,80,5000,500,0.1700096811064062,16.643112,0.06008491681123098
50,42,16,80,10000,100,0.2348626222828768,8.549926,0.1169600766135286
50,42,16,80,10000,250,0.2348626222828768,4.563097,0.21914940664202404
50,42,16,80,10000,500,0.2348626222828768,9.411226,0.10625608183248389
50,42,16,120,2000,100,0.10796144227064204,73.733625,0.013562333331638041
50,42,16,120,2000,250,0.10796144227064204,42.218438,0.023686333445117037
50,42,16,120,2000,500,0.10796144227064204,52.834575,0.018926999980599823
50,42,16,120,5000,100,0.1700096811064062,14.334554,0.06976150077637575
50,42,16,120,5000,250,0.1700096811064062,31.774949,0.031471332967363694
50,42,16,120,5000,500,0.1700096811064062,22.593084,0.044261332361708566
50,42,16,120,10000,100,0.2348626222828768,9.097229,0.10992358222487308
50,42,16,120,10000,250,0.2348626222828768,10.737237,0.09313382949449658
50,42,16,120,10000,500,0.2348626222828768,7.32662,0.13648858545959802
50,42,16,300,2000,100,0.10796144227064204,89.516165,0.01117116668257627
50,42,16,300,2000,250,0.10796144227064204,76.590693,0.013056416658875249
50,42,16,300,2000,500,0.10796144227064204,37.933509,0.026361916584094553
50,42,16,300,5000,100,0.1700096811064062,53.453783,0.01870774983315961
50,42,16,300,5000,250,0.1700096811064062,15.708616,0.06365933192332157
50,42,16,300,5000,500,0.1700096811064062,24.477258,0.04085424927906549
50,42,16,300,10000,100,0.2348626222828768,8.39064,0.11918042008714473
50,42,16,300,10000,250,0.2348626222828768,7.245353,0.13801950022310852
50,42,16,300,10000,500,0.2348626222828768,7.350117,0.13605225603891746
50,42,16,500,2000,100,0.10796144227064204,43.660655,0.02290391658118734
50,42,16,500,2000,250,0.10796144227064204,41.13872,0.02430799985998592
50,42,16,500,2000,500,0.10796144227064204,42.603046,0.023472500064901463
50,42,16,500,5000,100,0.1700096811064062,63.388428,0.01577575011009896
50,42,16,500,5000,250,0.1700096811064062,15.66322,0.06384383287727555
50,42,16,500,5000,500,0.1700096811064062,30.370828,0.03292633312466819
50,42,16,500,10000,100,0.2348626222828768,6.228955,0.16054057221476153
50,42,16,500,10000,250,0.2348626222828768,9.003345,0.11106983015756922
50,42,16,500,10000,500,0.2348626222828768,3.530348,0.2832581943763051
50,42,16,1000,2000,100,0.10796144227064204,12.232516,0.08174933104522406
50,42,16,1000,2000,250,0.10796144227064204,19.328496,0.05173708290598503
50,42,16,1000,2000,500,0.10796144227064204,45.606394,0.021926750007904592
50,42,16,1000,5000,100,0.1700096811064062,29.689375,0.0336820832368482
50,42,16,1000,5000,250,0.1700096811064062,65.826646,0.01519141655796955
50,42,16,1000,5000,500,0.1700096811064062,13.500196,0.07407299864387154
50,42,16,1000,10000,100,0.2348626222828768,9.87982,0.10121641892261195
50,42,16,1000,10000,250,0.2348626222828768,5.013784,0.19945015581046172
50,42,16,1000,10000,500,0.2348626222828768,13.021356,0.07679691731030162
50,42,20,20,2000,100,0.10796144227064204,29.455659,0.033949333810525166
50,42,20,20,2000,250,0.10796144227064204,237.290147,0.004214249991593625
50,42,20,20,2000,500,0.10796144227064204,102.846271,0.009723249956238083
50,42,20,20,5000,100,0.1700096811064062,13.525455,0.07393466615356009
50,42,20,20,5000,250,0.1700096811064062,49.793771,0.020082833252376087
50,42,20,20,5000,500,0.1700096811064062,11.105815,0.09004291895732101
50,42,20,20,10000,100,0.2348626222828768,3.577515,0.27952363581983586
50,42,20,20,10000,250,0.2348626222828768,8.195949,0.12201149616719185
50,42,20,20,10000,500,0.2348626222828768,23.358255,0.042811417205608895
50,42,20,40,2000,100,0.10796144227064204,50.715083,0.01971799986997951
50,42,20,40,2000,250,0.10796144227064204,48.258278,0.020721833464509447
50,42,20,40,2000,500,0.10796144227064204,94.613347,0.010569333309813043
50,42,20,40,5000,100,0.1700096811064062,14.851614,0.06733274915440167
50,42,20,40,5000,250,0.1700096811064062,21.606517,0.04628233231668019
50,42,20,40,5000,500,0.1700096811064062,22.831876,0.0437984158638563
50,42,20,40,10000,100,0.2348626222828768,28.227125,0.03542691648547275
50,42,20,40,10000,250,0.2348626222828768,8.16261,0.12250983447696262
50,42,20,40,10000,500,0.2348626222828768,4.40203,0.2271679202549733
50,42,20,80,2000,100,0.10796144227064204,47.669365,0.020977833457609514
50,42,20,80,2000,250,0.10796144227064204,17.047125,0.05866091789671279
50,42,20,80,2000,500,0.10796144227064204,8.893836,0.11243742295225592
50,42,20,80,5000,100,0.1700096811064062,43.454959,0.023012333298945236
50,42,20,80,5000,250,0.1700096811064062,36.737018,0.027220500041674586
50,42,20,80,5000,500,0.1700096811064062,5.608496,0.17830092060331326
50,42,20,80,10000,100,0.2348626222828768,28.339785,0.03528608279844043
50,42,20,80,10000,250,0.2348626222828768,8.766508,0.11407050561067189
50,42,20,80,10000,500,0.2348626222828768,12.238741,0.08170775082175528
50,42,20,120,2000,100,0.10796144227064204,10.508369,0.09516224639618194
50,42,20,120,2000,250,0.10796144227064204,7.976825,0.1253631614082044
50,42,20,120,2000,500,0.10796144227064204,32.132816,0.031120832982705283
50,42,20,120,5000,100,0.1700096811064062,51.138688,0.019554666713389283
50,42,20,120,5000,250,0.1700096811064062,19.845503,0.050389249393174865
50,42,20,120,5000,500,0.1700096811064062,25.899579,0.03861066621970959
50,42,20,120,10000,100,0.2348626222828768,3.835091,0.2607500056713126
50,42,20,120,10000,250,0.2348626222828768,10.366508,0.09646449894217031
50,42,20,120,10000,500,0.2348626222828768,5.00469,0.19981257580389594
50,42,20,300,2000,100,0.10796144227064204,20.182314,0.0495483322675487
50,42,20,300,2000,250,0.10796144227064204,71.141887,0.014056416580572287
50,42,20,300,2000,500,0.10796144227064204,35.255233,0.028364583493179583
50,42,20,300,5000,100,0.1700096811064062,46.137698,0.02167424998100252
50,42,20,300,5000,250,0.1700096811064062,18.391509,0.054372917415313776
50,42,20,300,5000,500,0.1700096811064062,20.336467,0.04917274962263603
50,42,20,300,10000,100,0.2348626222828768,8.918041,0.11213224967232152
50,42,20,300,10000,250,0.2348626222828768,8.173797,0.12234216240016726
50,42,20,300,10000,500,0.2348626222828768,16.956266,0.05897524844208035
50,42,20,500,2000,100,0.10796144227064204,43.420367,0.02303066669150908
50,42,20,500,2000,250,0.10796144227064204,35.093979,0.02849491646416042
50,42,20,500,2000,500,0.10796144227064204,25.371105,0.03941491708776579
50,42,20,500,5000,100,0.1700096811064062,51.160927,0.019546166550109618
50,42,20,500,5000,250,0.1700096811064062,6.04159,0.16551934176268168
50,42,20,500,5000,500,0.1700096811064062,11.347421,0.08812575121695053
50,42,20,500,10000,100,0.2348626222828768,6.877851,0.14539425178009818
50,42,20,500,10000,250,0.2348626222828768,3.656045,0.2735196093045901
50,42,20,500,10000,500,0.2348626222828768,6.225907,0.16061916761686287
50,42,20,1000,2000,100,0.10796144227064204,21.268073,0.04701883428743168
50,42,20,1000,2000,250,0.10796144227064204,129.336825,0.007731750025563098
50,42,20,1000,2000,500,0.10796144227064204,40.820631,0.02449741651470307
50,42,20,1000,5000,100,0.1700096811064062,10.605878,0.09428733764427612
50,42,20,1000,5000,250,0.1700096811064062,9.169286,0.10905974576428307
50,42,20,1000,5000,500,0.1700096811064062,5.19447,0.1925124218640208
50,42,20,1000,10000,100,0.2348626222828768,11.545955,0.08661041897357127
50,42,20,1000,10000,250,0.2348626222828768,15.23736,0.06562816655903647
50,42,20,1000,10000,500,0.2348626222828768,3.687625,0.27117724822887357
